Y,cta_dp,p,H,tau,Dm_in,Dch_in,Lch_in,Lch_out,Dch_out,Dm_out
3.4287923202023145,0.10901011592512244,101325.0,0.7,181.02704657714997,0.050535472400477274,0.00669376391964306,1.4284771324952075,0.8364176140850504,0.03438209049756359,0.16731013150481394
1.699771992330932,0.1073462202271617,101325.0,1.0,292.41201788277624,0.05834633546709932,0.010405506258238894,0.812798104747213,0.7075820409947108,0.03958486619790277,0.3212331306884681
0.9465332960318257,0.7742899187219433,101325.0,1.3,398.8772930428379,0.13700891030549045,0.008431661514648223,1.6751675078592747,0.8756442207988306,0.03875207385590293,0.3959811567380127
0.650218443854038,0.944106463701152,101325.0,1.6,399.05273514525925,0.05038223629500825,0.006111006712370688,1.774917861830749,0.5185026139126234,0.03997615642532723,0.14752756013408191
