Y,cta_dp,p,H,tau,Dm_in,Dch_in,Lch_in,Lch_out,Dch_out,Dm_out
3.5524318100321204,0.04845313156229053,101325.0,0.7,397.6893003020333,0.13878804620163618,0.008641917313782775,0.7078798014458603,0.5776786013363441,0.03970193319989109,0.2918491450291757
1.6778330034893734,0.4450105289655172,101325.0,1.0,394.55752038092174,0.19131308147844078,0.010446625953655567,1.6733010643913646,0.7639509303375402,0.03992899310267641,0.28586610763092374
0.9108742164814134,1.1744509288611584,101325.0,1.3,213.44834591639662,0.13141674356307478,0.01024267360943726,1.7240419227938244,0.5263256389617933,0.03861314355120101,0.28122142377326736
0.5964770596195426,2.348698562861662,101325.0,1.6,244.1071331537762,0.06435397926688854,0.0061622483071866,1.9153732310906433,0.30315661169893376,0.03484770336022961,0.35282200763588994
