Y,cta_dp,p,H,tau,Dm_in,Dch_in,Lch_in,Lch_out,Dch_out,Dm_out
3.7251706764546517,0.027963492674172655,101499.99999999999,0.7,370.40276461605447,0.050080220896618996,0.006097098330741538,1.9221850970486214,0.6126850423144523,0.03837817848228731,0.25299487116278674
0.6167602561855794,1.6266739918445288,101499.99999999999,1.6,399.15655018174823,0.051028201130955304,0.00621229579057556,1.9840636854687186,0.44265303654123406,0.039874470628271694,0.11905174859574484
