alpha_tau,alpha_w,alpha_m,alpha_ch,alpha_L,c_ml,c_mk,c_chl,c_chk,cL,Ref
-0.20405170321544402,-0.9362296150394772,-0.8895143294754427,-0.8615297916708325,-0.6255108988435745,1.4056378868275328,1.3025437245549494,1.4510698801721356,1.1728832562933018,0.8041838232433528,3693.175965384755
