tau,Dm_in,Dch_in,Lch_in,Lch_out,Dch_out,Dm_out
143.40708660550172,0.07153868261673076,0.006181772567847823,1.868723201230257,0.3574110307469642,0.03993008353882765,0.1523290941507133
