tau,Dm_in,Dch_in,Lch_in,Lch_out,Dch_out,Dm_out
391.3848748509459,0.050975753564247446,0.006155090097146234,1.9922646869503189,0.6188945606583165,0.03918395321131047,0.28795935569263814
