Y,cta_dp,p,H,tau,Dm_in,Dch_in,Lch_in,Dch_l,Dch_k,Dm_l,Dm_K
1.4753842082476025,206.41331347987813,500000.0,0.7,347.173327510007,0.03046621324950436,0.0020568681439980807,0.03570047386928188,0.0026211938649589868,0.003819131161206233,0.030591107292022912,0.05225034409699858
0.27530273818235973,2026.6165970627092,500000.0,1.6,371.88521528921365,0.030206633384018373,0.002195804817662895,0.036059775655128835,0.002712142123613992,0.0037371653843598965,0.03978562696963034,0.03025322465640249
2.8642356426553865,2.9895899923486633,5000000.0,0.7,313.39187279305156,0.03113336902806291,0.002096709717895858,0.033119254884467327,0.003642057987702459,0.0038438711800192174,0.033672611272262405,0.031542170956916554
0.49505872301926446,185.02507949944814,5000000.0,1.6,399.8554699335641,0.037451563284937955,0.0031947550352697273,0.03349718446583651,0.0031588089189670846,0.003411147822879519,0.03571552725940095,0.03440931848189268
