tau,Dm_in,Dch_in,Lch_in,Dch_l,Dch_k,Dm_l,Dm_K
376.86560469725475,0.05081413851672887,0.0029817173089427234,0.04813003315304355,0.002697304150442267,0.003558732300755094,0.1445070884540478,0.04265904421497582
