tau,Dm_in,Dch_in,Lch_in,Dch_l,Dch_k,Dm_l,Dm_K
399.034413153176,0.10800231517258516,0.0024952484650353876,0.033633856691965745,0.003141987828404744,0.0033800148516028466,0.05065933143853912,0.06872615206820973
