Y,cta_dp,p,H,tau,Dm_in,Dch_in,Lch_in,Dch_l,Dch_k,Dm_l,Dm_K
2.5953246655135107,39.044505716830784,500000.0,0.7,383.04057469104475,0.030266764078247643,0.002171734466066749,0.04058364956351304,0.003036820693801802,0.0036994105776212037,0.030176325727059247,0.1074398637747886
0.4466473243387895,704.9153244939662,500000.0,1.6,396.3972518029083,0.030190724929515547,0.002012127319747523,0.047057619090224045,0.002482461603558283,0.0029670290340637552,0.037189651280522346,0.04107891761133001
4.0470209082109845,5.174497292200104,5000000.0,0.7,338.4430132925264,0.030809553144290822,0.002080345634649812,0.04270177544198633,0.0030727703471796915,0.0031980650501962637,0.03605267397128132,0.039999714745036864
0.6885927288957006,4062.852848975524,5000000.0,1.6,297.8972378226759,0.03052988873475186,0.0026278208014949233,0.04901386830094828,0.0022766575450767867,0.003345475885973405,0.030806281243974297,0.031890032687986354
