tau,Dm_in,Dch_in,Lch_in,Dch_l,Dch_k,Dm_l,Dm_K
285.2531711122803,0.0556618608684885,0.0022811617066604436,0.027378370858230278,0.0035969293037139776,0.003816749349783315,0.1333363722863031,0.0696198805969321
