tau,Dm_in,Dch_in,Lch_in,Dch_l,Dch_k,Dm_l,Dm_K
365.82443394995187,0.035597434123253495,0.0030536249279923215,0.04669193109074683,0.003655686558596392,0.0039476222903892305,0.11191329946418643,0.04378334645562906
